{
    "$schema": "https://schema.management.azure.com/schemas/2015-01-01/deploymentTemplate.json#",
    "contentVersion": "1.0.0.0",
    "parameters": {
        "AdminUsername": {
            "type": "string",
            "defaultValue": "localadmin"
        },
        "AdminPassword": {
            "type": "securestring",
            "defaultValue": "",
            "metadata": {
                "description": "The password for localadmin."
            }
        },
        "vmName": {
            "defaultValue": "jumpbox",
            "type": "string",
            "maxLength": 15,
            "metadata": {
                "description": "Name of the virtual machine to be created"
            }
        },
        "vmCount": {
            "type": "int",
            "defaultValue": 12,
            "metadata": {
                "description": "Number of  virtual machines to be created"
            }
        },
        "vmSize": {
            "type": "string",
            "defaultValue": "Standard_D2s_v3",
            "metadata": {
                "description": "Virtual Machine Size"
            }
        },
        "existingVnetName": {
            "type": "string",
            "defaultValue": "emulated-on-premises-vnet",
            "metadata": {
                "description": "Name of the existing virtual network to deploy the VM"
            }
        },
        "existingSubnetName": {
            "type": "string",
            "defaultValue": "jumpbox-sn",
            "metadata": {
                "description": "Name of the existing subnet to deploy the VM"
            }
        },
        "vmShutDownTime": {
            "defaultValue": "1830",
            "type": "string",
            "metadata": {
                "description": "Time machine should shutdown"
            }
        },
        "vmShutDownTimeZone": {
            "defaultValue": "Pacific Standard Time",
            "type": "string",
            "metadata": {
                "description": "Timezone to set shutdown policy"
            }
        }
    },
    "variables": {
        "location": "[resourceGroup().location]",
        "osType": {
            "publisher": "MicrosoftWindowsDesktop",
            "offer": "Windows-10",
            "sku": "19h1-pro",
            "version": "latest"
        },
        "imageReference": "[variables('osType')]"
    },
    "resources": [{
            "apiVersion": "2016-03-30",
            "type": "Microsoft.Network/publicIPAddresses",
            "name": "[concat(parameters('vmName'), copyIndex(1), '-pip1')]",
            "location": "[variables('location')]",
            "copy": {
                "name": "pipCopy",
                "count": "[parameters('vmCount')]"
            },
            "tags": {
                "displayName": "[concat(parameters('vmName'), copyIndex(1), '-pip1')]"
            },
            "properties": {
                "publicIPAllocationMethod": "Static"
            }
        },
        {
            "type": "Microsoft.Network/networkInterfaces",
            "name": "[concat(parameters('vmName'), copyIndex(1), '-nic1')]",
            "apiVersion": "2018-02-01",
            "location": "[variables('location')]",
            "copy": {
                "name": "nicCopy",
                "count": "[parameters('vmCount')]"
            },
            "properties": {
                "ipConfigurations": [{
                    "name": "ipconfig1",
                    "properties": {
                        "privateIPAllocationMethod": "Dynamic",
                        "publicIPAddress": {
                            "id": "[resourceId('Microsoft.Network/publicIPAddresses', concat(parameters('vmName'), copyIndex(1), '-pip1'))]"
                        },
                        "subnet": {
                            "id": "[resourceId(resourceGroup().name, 'Microsoft.Network/virtualNetworks/subnets', parameters('existingVnetName'), parameters('existingSubNetName'))]"
                        }
                    }
                }],
                "dnsSettings": {
                    "dnsServers": []
                },
                "enableIPForwarding": false
            },
            "dependsOn": [
                "[resourceId('Microsoft.Network/publicIPAddresses', concat(parameters('vmName'), copyIndex(1), '-pip1'))]"
            ]
        },
        {
            "type": "Microsoft.Compute/virtualMachines",
            "name": "[concat(parameters('vmName'), copyIndex(1))]",
            "apiVersion": "2018-06-01",
            "location": "[variables('location')]",
            "copy": {
                "name": "VMcopy",
                "count": "[parameters('vmCount')]"
            },
            "properties": {
                "hardwareProfile": {
                    "vmSize": "[parameters('vmSize')]"
                },
                "storageProfile": {
                    "imageReference": "[variables('imageReference')]",
                    "osDisk": {
                        "name": "[concat(parameters('vmName'),copyIndex(1))]",
                        "createOption": "FromImage",
                        "managedDisk": {
                            "storageAccountType": "Premium_LRS"
                        },
                        "caching": "ReadWrite"
                    }
                },
                "osProfile": {
                    "computerName": "[concat(parameters('vmName'),copyIndex(1))]",
                    "adminUsername": "[parameters('adminUsername')]",
                    "adminPassword": "[parameters('adminPassword')]",
                    "windowsConfiguration": {
                        "provisionVMAgent": true,
                        "enableAutomaticUpdates": true
                    },
                    "secrets": [],
                    "allowExtensionOperations": true
                },
                "networkProfile": {
                    "networkInterfaces": [{
                        "id": "[resourceId('Microsoft.Network/networkInterfaces', concat(parameters('vmName'), copyIndex(1), '-nic1'))]"
                    }]
                }
            },
            "dependsOn": [
                "[resourceId('Microsoft.Network/networkInterfaces', concat(parameters('vmName'), copyIndex(1), '-nic1'))]"
            ]
        },
        {
            "apiVersion": "2016-05-15",
            "type": "Microsoft.DevTestLab/schedules",
            "name": "[concat('shutdown-computevm-',parameters('vmName'),copyIndex(1))]",
            "location": "[resourceGroup().location]",
            "copy": {
                "name": "VMShutdownSchedulecopy",
                "count": "[parameters('vmCount')]"
            },
            "dependsOn": [
                "[concat('Microsoft.Compute/virtualMachines/',concat(parameters('vmName'),copyIndex(1)))]"
            ],
            "properties": {
                "status": "Enabled",
                "taskType": "ComputeVmShutdownTask",
                "dailyRecurrence": {
                    "time": "[parameters('vmShutDownTime')]"
                },
                "timeZoneId": "[parameters('vmShutDownTimeZone')]",
                "notificationSettings": {
                    "status": "Disabled",
                    "timeInMinutes": 15
                },
                "targetResourceId": "[resourceId('Microsoft.Compute/virtualMachines',concat(parameters('vmName'),copyIndex(1)))]"
            }
        }
    ],
    "outputs": {}
}