{
    "$schema": "https://schema.management.azure.com/schemas/2015-01-01/deploymentParameters.json#",
    "contentVersion": "1.0.0.0",
    "parameters": {
        "recovery_east2_vnet_addressSpace": {
            "value": "172.16.100.0/22",
            "metadata": {
                "description": "Recovery East2 Vnet Address Space"
            }
        },
        "adds_east2_subnet_addressrange": {
            "value": "172.16.100.0/24",
            "metadata": {
                "description": "Adds East2 Subnet Address Range"
            }
        },
        "svc_east2_subnet_addressrange": {
            "value": "172.16.101.0/24",
            "metadata": {
                "description": "Svc East2 Subnet Address Range"
            }
        },
        "GatewaySubnet_east2_subnet_addressrange": {
            "value": "172.16.103.224/27",
            "metadata": {
                "description": "Gateway Subnet Address Range"
            }
        },
        "hub_west2_vnet_addressSpace": {
            "value": "10.100.0.0/22",
            "metadata": {
                "description": "Hub West2 Vnet Address space"
            }
        }
    }
}