{
    "$schema": "https://schema.management.azure.com/schemas/2015-01-01/deploymentTemplate.json#",
    "contentVersion": "1.0.0.0",
    "parameters": {
        "recovery_east2_vnet_addressSpace": {
            "type": "string",
            "metadata": {
                "description": "Hub Vnet Address space"
            }
        },
        "adds_east2_subnet_addressrange": {
            "type": "string",
            "metadata": {
                "description": "Adds East2 Subnet Address Range"
            }
        },
        "svc_east2_subnet_addressrange": {
            "type": "string",
            "metadata": {
                "description": "SVC Subnet Address Range"
            }
        },
        "GatewaySubnet_east2_subnet_addressrange": {
            "type": "string",
            "metadata": {
                "description": "GatewaySubnet Address Range"
            }
        },
        "location": {
            "type": "string",
            "defaultValue": "[resourceGroup().location]",
            "metadata": {
                "description": "Location for all resources"
            }
        },
        "hub_west2_vnet_addressSpace": {
            "type": "string",
            "metadata": {
                "description": "Hub West2 Vnet Address space"
            }
        }
    },
    "variables": {
        "VnetName": "recovery-east2-vnet",
        "AddsSubnetName": "adds-east2-sn",
        "SvcSubnetName": "svc-east2-sn",
        "GwSubnetName": "GatewaySubnet",
        "AddsNsgName": "adds-east2-nsg",
        "SvcNsgName": "svc-east2-nsg"
    },
    "resources": [
        {
            "apiVersion": "2018-08-01",
            "type": "Microsoft.Network/networkSecurityGroups",
            "name": "[variables('AddsNsgName')]",
            "location": "[parameters('location')]",
            "properties": {
                "securityRules": [
                    {
                        "name": "AllowHubWVnetIn",
                        "properties": {
                            "description": "Allow all from Hub west2 Vnet",
                            "protocol": "*",
                            "sourcePortRange": "*",
                            "destinationPortRange": "*",
                            "sourceAddressPrefix": "[parameters('hub_west2_vnet_addressSpace')]",
                            "destinationAddressPrefix": "*",
                            "access": "Allow",
                            "priority": 1000,
                            "direction": "Inbound"
                        }
                    }
                ]
            }
        },
        {
            "apiVersion": "2018-08-01",
            "type": "Microsoft.Network/networkSecurityGroups",
            "name": "[variables('SvcNsgName')]",
            "location": "[parameters('location')]",
            "properties": {
                "securityRules": [
                    {
                        "name": "AllowHubWVnetIn",
                        "properties": {
                            "description": "Allow all from Hub west2 Vnet",
                            "protocol": "*",
                            "sourcePortRange": "*",
                            "destinationPortRange": "*",
                            "sourceAddressPrefix": "[parameters('hub_west2_vnet_addressSpace')]",
                            "destinationAddressPrefix": "*",
                            "access": "Allow",
                            "priority": 1000,
                            "direction": "Inbound"
                        }
                    }
                ]
            }
        },
        {
            "apiVersion": "2018-08-01",
            "type": "Microsoft.Network/virtualNetworks",
            "name": "[variables('VnetName')]",
            "location": "[parameters('location')]",
            "dependsOn": [
                "[concat('Microsoft.Network/networkSecurityGroups/', variables('AddsNsgName'))]",
                "[concat('Microsoft.Network/networkSecurityGroups/', variables('SvcNsgName'))]"
            ],
            "properties": {
                "addressSpace": {
                    "addressPrefixes": [
                        "[parameters('recovery_east2_vnet_addressSpace')]"
                    ]
                },
                "subnets": [
                    {
                        "name": "[variables('AddsSubnetName')]",
                        "properties": {
                            "addressPrefix": "[parameters('adds_east2_subnet_addressrange')]",
                            "networkSecurityGroup": {
                                "id": "[resourceId('Microsoft.Network/networkSecurityGroups', variables('AddsNsgName'))]"
                            }
                        }
                    },
                    {
                        "name": "[variables('SvcSubnetName')]",
                        "properties": {
                            "addressPrefix": "[parameters('svc_east2_subnet_addressrange')]",
                            "networkSecurityGroup": {
                                "id": "[resourceId('Microsoft.Network/networkSecurityGroups', variables('SvcNsgName'))]"
                            }
                        }
                    },
                    {
                        "name": "[variables('GwSubnetName')]",
                        "properties": {
                            "addressPrefix": "[parameters('GatewaySubnet_east2_subnet_addressrange')]"
                        }
                    }
                ]
            }
        }
    ]
}